{
  "fold_results": [
    {
      "fold": 1,
      "accuracy": 0.75,
      "macro_f1": 0.8
    },
    {
      "fold": 2,
      "accuracy": 0.42857142857142855,
      "macro_f1": 0.3333333333333333
    },
    {
      "fold": 3,
      "accuracy": 0.8571428571428571,
      "macro_f1": 0.8666666666666666
    }
  ],
  "mean_accuracy": 0.6785714285714285,
  "mean_macro_f1": 0.6666666666666666,
  "classes": [
    "burnt_mark",
    "cable_termination_issue",
    "mcb_tripped",
    "tapping_tnb_meter",
    "tnb_fuse_blow"
  ]
}