{
  "fold_results": [
    {
      "fold": 1,
      "accuracy": 0.5714285714285714,
      "macro_f1": 0.6
    },
    {
      "fold": 2,
      "accuracy": 0.5,
      "macro_f1": 0.45
    },
    {
      "fold": 3,
      "accuracy": 0.8333333333333334,
      "macro_f1": 0.8333333333333333
    }
  ],
  "mean_accuracy": 0.6349206349206349,
  "mean_macro_f1": 0.6277777777777778,
  "classes": [
    "burnt_mark",
    "cable_termination_issue",
    "mcb_tripped",
    "tnb_fuse_blow"
  ]
}