{
  "fold_results": [
    {
      "fold": 1,
      "accuracy": 0.42857142857142855,
      "macro_f1": 0.26666666666666666
    },
    {
      "fold": 2,
      "accuracy": 0.6666666666666666,
      "macro_f1": 0.41666666666666663
    },
    {
      "fold": 3,
      "accuracy": 0.6666666666666666,
      "macro_f1": 0.41666666666666663
    }
  ],
  "mean_accuracy": 0.5873015873015873,
  "mean_macro_f1": 0.3666666666666667,
  "classes": [
    "burnt_mark",
    "cable_termination_issue",
    "mcb_tripped",
    "tnb_fuse_blow"
  ]
}